run_id,step_id,axis,step_deg,target_angle_deg,t_sec,err_px,err_norm,phase
1782157091,0,TILT,-5.000,90.000,-0.299999,-3.8007,-0.015836,pre
1782157091,0,TILT,-5.000,90.000,-0.267918,-3.7877,-0.015782,pre
1782157091,0,TILT,-5.000,90.000,-0.236428,-3.7714,-0.015714,pre
1782157091,0,TILT,-5.000,90.000,-0.204527,-3.6299,-0.015125,pre
1782157091,0,TILT,-5.000,90.000,-0.172454,-3.4371,-0.014321,pre
1782157091,0,TILT,-5.000,90.000,-0.138903,-3.6437,-0.015182,pre
1782157091,0,TILT,-5.000,90.000,-0.106921,-3.6353,-0.015147,pre
1782157091,0,TILT,-5.000,90.000,-0.074851,-3.3443,-0.013935,pre
1782157091,0,TILT,-5.000,90.000,-0.044352,-3.3612,-0.014005,pre
1782157091,0,TILT,-5.000,90.000,-0.011349,-3.2903,-0.013710,pre
1782157091,0,TILT,-5.000,85.000,0.000174,-3.1678,-0.013199,step
1782157091,0,TILT,-5.000,85.000,0.032140,3.9407,0.016420,step
1782157091,0,TILT,-5.000,85.000,0.079809,44.0745,0.183644,step
1782157091,0,TILT,-5.000,85.000,0.111818,88.1774,0.367406,step
1782157091,0,TILT,-5.000,85.000,0.148470,95.5009,0.397920,step
1782157091,0,TILT,-5.000,85.000,0.177281,83.7076,0.348782,step
1782157091,0,TILT,-5.000,85.000,0.208353,75.1340,0.313058,step
1782157091,0,TILT,-5.000,85.000,0.240929,78.8065,0.328360,step
1782157091,0,TILT,-5.000,85.000,0.273879,86.3484,0.359785,step
1782157091,0,TILT,-5.000,85.000,0.303925,85.4124,0.355885,step
1782157091,0,TILT,-5.000,85.000,0.336607,82.4861,0.343692,step
1782157091,0,TILT,-5.000,85.000,0.368444,83.7466,0.348944,step
1782157091,0,TILT,-5.000,85.000,0.400574,83.8820,0.349508,step
1782157091,0,TILT,-5.000,85.000,0.432200,83.9857,0.349940,step
1782157091,0,TILT,-5.000,85.000,0.480211,85.4275,0.355948,step
1782157091,0,TILT,-5.000,85.000,0.511294,85.4180,0.355908,step
1782157091,0,TILT,-5.000,85.000,0.544889,85.1177,0.354657,step
1782157091,0,TILT,-5.000,85.000,0.575518,85.3187,0.355495,step
1782157091,0,TILT,-5.000,85.000,0.608906,85.3568,0.355653,step
1782157091,0,TILT,-5.000,85.000,0.639416,85.2968,0.355403,step
1782157091,0,TILT,-5.000,85.000,0.672377,85.3000,0.355417,step
1782157091,0,TILT,-5.000,85.000,0.704447,85.4707,0.356128,step
1782157091,0,TILT,-5.000,85.000,0.736033,85.4449,0.356021,step
1782157091,0,TILT,-5.000,85.000,0.768021,85.4508,0.356045,step
1782157091,0,TILT,-5.000,85.000,0.800813,85.4411,0.356004,step
1782157091,0,TILT,-5.000,85.000,0.831323,85.4784,0.356160,step
1782157091,0,TILT,-5.000,85.000,0.879471,85.4808,0.356170,step
1782157091,0,TILT,-5.000,85.000,0.911969,85.2902,0.355376,step
1782157091,0,TILT,-5.000,85.000,0.943639,85.3236,0.355515,step
1782157091,0,TILT,-5.000,85.000,0.976771,85.3311,0.355546,step
1782157091,0,TILT,-5.000,85.000,1.008936,85.2641,0.355267,step
1782157091,0,TILT,-5.000,85.000,1.039522,85.2925,0.355386,step
1782157091,0,TILT,-5.000,85.000,1.072628,85.2445,0.355185,step
1782157091,0,TILT,-5.000,85.000,1.103977,85.2378,0.355157,step
1782157091,0,TILT,-5.000,85.000,1.136347,85.4354,0.355981,step
1782157091,0,TILT,-5.000,85.000,1.168355,85.5222,0.356343,step
1782157091,0,TILT,-5.000,85.000,1.199705,85.5410,0.356421,step
1782157091,1,TILT,5.000,85.000,-0.299999,85.9790,0.358246,pre
1782157091,1,TILT,5.000,85.000,-0.267996,85.6778,0.356991,pre
1782157091,1,TILT,5.000,85.000,-0.235148,85.4406,0.356003,pre
1782157091,1,TILT,5.000,85.000,-0.204388,85.3336,0.355557,pre
1782157091,1,TILT,5.000,85.000,-0.171396,85.2965,0.355402,pre
1782157091,1,TILT,5.000,85.000,-0.139768,85.3018,0.355424,pre
1782157091,1,TILT,5.000,85.000,-0.107629,85.6188,0.356745,pre
1782157091,1,TILT,5.000,85.000,-0.059633,85.5215,0.356339,pre
1782157091,1,TILT,5.000,85.000,-0.028482,85.5397,0.356415,pre
1782157091,1,TILT,5.000,90.000,0.000263,85.6013,0.356672,step
1782157091,1,TILT,5.000,90.000,0.032077,83.4862,0.347859,step
1782157091,1,TILT,5.000,90.000,0.063955,57.7177,0.240490,step
1782157091,1,TILT,5.000,90.000,0.095530,18.2695,0.076123,step
1782157091,1,TILT,5.000,90.000,0.127512,-12.8953,-0.053730,step
1782157091,1,TILT,5.000,90.000,0.159523,-13.3110,-0.055463,step
1782157091,1,TILT,5.000,90.000,0.191268,1.5953,0.006647,step
1782157091,1,TILT,5.000,90.000,0.223241,5.1411,0.021421,step
1782157091,1,TILT,5.000,90.000,0.256240,-2.0470,-0.008529,step
1782157091,1,TILT,5.000,90.000,0.287938,-3.2754,-0.013648,step
1782157091,1,TILT,5.000,90.000,0.337011,-0.1051,-0.000438,step
1782157091,1,TILT,5.000,90.000,0.367129,-1.2407,-0.005169,step
1782157091,1,TILT,5.000,90.000,0.399245,-2.2479,-0.009366,step
1782157091,1,TILT,5.000,90.000,0.445179,-0.4400,-0.001833,step
1782157091,1,TILT,5.000,90.000,0.467587,-1.0423,-0.004343,step
1782157091,1,TILT,5.000,90.000,0.495472,-2.2742,-0.009476,step
1782157091,1,TILT,5.000,90.000,0.527356,-1.1644,-0.004852,step
1782157091,1,TILT,5.000,90.000,0.558541,-1.0269,-0.004279,step
1782157091,1,TILT,5.000,90.000,0.590111,-1.6378,-0.006824,step
1782157091,1,TILT,5.000,90.000,0.623989,-1.1861,-0.004942,step
1782157091,1,TILT,5.000,90.000,0.656937,-0.9969,-0.004154,step
1782157091,1,TILT,5.000,90.000,0.687556,-1.4407,-0.006003,step
1782157091,1,TILT,5.000,90.000,0.736595,-1.4311,-0.005963,step
1782157091,1,TILT,5.000,90.000,0.768660,-1.1899,-0.004958,step
1782157091,1,TILT,5.000,90.000,0.800153,-1.3877,-0.005782,step
1782157091,1,TILT,5.000,90.000,0.831907,-1.4426,-0.006011,step
1782157091,1,TILT,5.000,90.000,0.864196,-1.3572,-0.005655,step
1782157091,1,TILT,5.000,90.000,0.896316,-1.7765,-0.007402,step
1782157091,1,TILT,5.000,90.000,0.927744,-2.2261,-0.009275,step
1782157091,1,TILT,5.000,90.000,0.959754,-2.3016,-0.009590,step
1782157091,1,TILT,5.000,90.000,0.991502,-2.5277,-0.010532,step
1782157091,1,TILT,5.000,90.000,1.024500,-2.5434,-0.010598,step
1782157091,1,TILT,5.000,90.000,1.056508,-2.2427,-0.009345,step
1782157091,1,TILT,5.000,90.000,1.088159,-1.9327,-0.008053,step
1782157091,1,TILT,5.000,90.000,1.136542,-1.4188,-0.005912,step
1782157091,1,TILT,5.000,90.000,1.168605,-0.6404,-0.002668,step
1782157091,2,TILT,-5.000,90.000,-0.299999,-1.8170,-0.007571,pre
1782157091,2,TILT,-5.000,90.000,-0.268904,-2.1180,-0.008825,pre
1782157091,2,TILT,-5.000,90.000,-0.236116,-2.2613,-0.009422,pre
1782157091,2,TILT,-5.000,90.000,-0.204426,-2.0909,-0.008712,pre
1782157091,2,TILT,-5.000,90.000,-0.156392,-1.4745,-0.006144,pre
1782157091,2,TILT,-5.000,90.000,-0.123379,-1.3107,-0.005461,pre
1782157091,2,TILT,-5.000,90.000,-0.092777,-1.1040,-0.004600,pre
1782157091,2,TILT,-5.000,90.000,-0.060795,-1.1477,-0.004782,pre
1782157091,2,TILT,-5.000,90.000,-0.029508,-1.3017,-0.005424,pre
1782157091,2,TILT,-5.000,85.000,0.000405,-1.7511,-0.007296,step
1782157091,2,TILT,-5.000,85.000,0.032854,0.1897,0.000790,step
1782157091,2,TILT,-5.000,85.000,0.063389,28.5106,0.118794,step
1782157091,2,TILT,-5.000,85.000,0.095657,70.9709,0.295712,step
1782157091,2,TILT,-5.000,85.000,0.127651,90.2879,0.376200,step
1782157091,2,TILT,-5.000,85.000,0.159570,88.3061,0.367942,step
1782157091,2,TILT,-5.000,85.000,0.192397,78.3214,0.326339,step
1782157091,2,TILT,-5.000,85.000,0.240463,76.4694,0.318623,step
1782157091,2,TILT,-5.000,85.000,0.272011,83.3136,0.347140,step
1782157091,2,TILT,-5.000,85.000,0.305647,84.8505,0.353544,step
1782157091,2,TILT,-5.000,85.000,0.336591,82.6596,0.344415,step
1782157091,2,TILT,-5.000,85.000,0.368846,83.3667,0.347361,step
1782157091,2,TILT,-5.000,85.000,0.399542,83.8650,0.349437,step
1782157091,2,TILT,-5.000,85.000,0.430708,83.0435,0.346015,step
1782157091,2,TILT,-5.000,85.000,0.465186,83.5462,0.348109,step
1782157091,2,TILT,-5.000,85.000,0.496343,83.5577,0.348157,step
1782157091,2,TILT,-5.000,85.000,0.528467,83.1118,0.346299,step
1782157091,2,TILT,-5.000,85.000,0.560366,83.7786,0.349078,step
1782157091,2,TILT,-5.000,85.000,0.592922,83.4073,0.347530,step
1782157091,2,TILT,-5.000,85.000,0.639376,83.3179,0.347158,step
1782157091,2,TILT,-5.000,85.000,0.672028,83.5761,0.348234,step
1782157091,2,TILT,-5.000,85.000,0.703581,83.5448,0.348103,step
1782157091,2,TILT,-5.000,85.000,0.736586,83.5151,0.347980,step
1782157091,2,TILT,-5.000,85.000,0.767589,83.5997,0.348332,step
1782157091,2,TILT,-5.000,85.000,0.801000,83.6017,0.348340,step
1782157091,2,TILT,-5.000,85.000,0.832466,83.6142,0.348392,step
1782157091,2,TILT,-5.000,85.000,0.866335,83.8304,0.349293,step
1782157091,2,TILT,-5.000,85.000,0.898319,83.7854,0.349106,step
1782157091,2,TILT,-5.000,85.000,0.928848,83.7109,0.348796,step
1782157091,2,TILT,-5.000,85.000,0.961125,83.8020,0.349175,step
1782157091,2,TILT,-5.000,85.000,0.992994,83.7909,0.349129,step
1782157091,2,TILT,-5.000,85.000,1.039592,83.7462,0.348943,step
1782157091,2,TILT,-5.000,85.000,1.072110,83.8670,0.349446,step
1782157091,2,TILT,-5.000,85.000,1.104693,83.8870,0.349529,step
1782157091,2,TILT,-5.000,85.000,1.136330,83.8879,0.349533,step
1782157091,2,TILT,-5.000,85.000,1.168330,83.9328,0.349720,step
1782157091,2,TILT,-5.000,85.000,1.199987,83.9287,0.349703,step
1782157091,3,TILT,5.000,85.000,-0.299998,85.4994,0.356247,pre
1782157091,3,TILT,5.000,85.000,-0.268570,86.0722,0.358634,pre
1782157091,3,TILT,5.000,85.000,-0.236479,85.8104,0.357543,pre
1782157091,3,TILT,5.000,85.000,-0.205653,85.6691,0.356955,pre
1782157091,3,TILT,5.000,85.000,-0.172189,85.7108,0.357128,pre
1782157091,3,TILT,5.000,85.000,-0.140539,85.8218,0.357591,pre
1782157091,3,TILT,5.000,85.000,-0.108233,85.8447,0.357686,pre
1782157091,3,TILT,5.000,85.000,-0.076620,85.5959,0.356650,pre
1782157091,3,TILT,5.000,85.000,-0.044901,85.5690,0.356537,pre
1782157091,3,TILT,5.000,85.000,-0.012867,85.8806,0.357836,pre
1782157091,3,TILT,5.000,90.000,0.000282,85.9470,0.358112,step
1782157091,3,TILT,5.000,90.000,0.032192,82.4247,0.343436,step
1782157091,3,TILT,5.000,90.000,0.079460,52.0797,0.216999,step
1782157091,3,TILT,5.000,90.000,0.113502,8.4511,0.035213,step
1782157091,3,TILT,5.000,90.000,0.144153,-15.6356,-0.065148,step
1782157091,3,TILT,5.000,90.000,0.175147,-9.2708,-0.038628,step
1782157091,3,TILT,5.000,90.000,0.207330,5.9450,0.024771,step
1782157091,3,TILT,5.000,90.000,0.239933,6.3419,0.026425,step
1782157091,3,TILT,5.000,90.000,0.271965,-1.3176,-0.005490,step
1782157091,3,TILT,5.000,90.000,0.303203,-0.9557,-0.003982,step
1782157091,3,TILT,5.000,90.000,0.335720,1.2796,0.005332,step
1782157091,3,TILT,5.000,90.000,0.368787,-0.2585,-0.001077,step
1782157091,3,TILT,5.000,90.000,0.400802,-0.1773,-0.000739,step
1782157091,3,TILT,5.000,90.000,0.432407,0.5858,0.002441,step
1782157091,3,TILT,5.000,90.000,0.479644,-0.0391,-0.000163,step
1782157091,3,TILT,5.000,90.000,0.512177,0.0231,0.000096,step
1782157091,3,TILT,5.000,90.000,0.543671,0.2862,0.001193,step
1782157091,3,TILT,5.000,90.000,0.575707,0.1520,0.000633,step
1782157091,3,TILT,5.000,90.000,0.606350,0.3607,0.001503,step
1782157091,3,TILT,5.000,90.000,0.640270,0.1799,0.000749,step
1782157091,3,TILT,5.000,90.000,0.672951,0.2098,0.000874,step
1782157091,3,TILT,5.000,90.000,0.703813,0.2168,0.000904,step
1782157091,3,TILT,5.000,90.000,0.734687,0.0575,0.000240,step
1782157091,3,TILT,5.000,90.000,0.768093,0.1305,0.000544,step
1782157091,3,TILT,5.000,90.000,0.799466,0.1753,0.000731,step
1782157091,3,TILT,5.000,90.000,0.831187,0.1512,0.000630,step
1782157091,3,TILT,5.000,90.000,0.879264,0.4209,0.001754,step
1782157091,3,TILT,5.000,90.000,0.911233,0.2034,0.000848,step
1782157091,3,TILT,5.000,90.000,0.943879,0.0965,0.000402,step
1782157091,3,TILT,5.000,90.000,0.975899,0.4178,0.001741,step
1782157091,3,TILT,5.000,90.000,1.007870,0.3722,0.001551,step
1782157091,3,TILT,5.000,90.000,1.039552,0.0613,0.000255,step
1782157091,3,TILT,5.000,90.000,1.072521,0.1761,0.000734,step
1782157091,3,TILT,5.000,90.000,1.104471,0.1813,0.000755,step
1782157091,3,TILT,5.000,90.000,1.136078,0.0206,0.000086,step
1782157091,3,TILT,5.000,90.000,1.167786,-0.0168,-0.000070,step
1782157091,3,TILT,5.000,90.000,1.199807,0.2690,0.001121,step
1782157091,4,TILT,-5.000,90.000,-0.299999,1.0742,0.004476,pre
1782157091,4,TILT,-5.000,90.000,-0.268179,0.9785,0.004077,pre
1782157091,4,TILT,-5.000,90.000,-0.235230,0.9168,0.003820,pre
1782157091,4,TILT,-5.000,90.000,-0.203521,0.9583,0.003993,pre
1782157091,4,TILT,-5.000,90.000,-0.172524,1.1339,0.004725,pre
1782157091,4,TILT,-5.000,90.000,-0.140564,1.1753,0.004897,pre
1782157091,4,TILT,-5.000,90.000,-0.107451,1.2296,0.005123,pre
1782157091,4,TILT,-5.000,90.000,-0.059868,1.3667,0.005695,pre
1782157091,4,TILT,-5.000,90.000,-0.028869,1.2925,0.005385,pre
1782157091,4,TILT,-5.000,85.000,0.000402,1.3441,0.005601,step
1782157091,4,TILT,-5.000,85.000,0.032058,3.7226,0.015511,step
1782157091,4,TILT,-5.000,85.000,0.063980,35.8852,0.149522,step
1782157091,4,TILT,-5.000,85.000,0.096280,80.1730,0.334054,step
1782157091,4,TILT,-5.000,85.000,0.128975,97.1193,0.404664,step
1782157091,4,TILT,-5.000,85.000,0.162212,92.3073,0.384614,step
1782157091,4,TILT,-5.000,85.000,0.191582,82.8401,0.345167,step
1782157091,4,TILT,-5.000,85.000,0.223732,80.8925,0.337052,step
1782157091,4,TILT,-5.000,85.000,0.256737,85.6040,0.356684,step
1782157091,4,TILT,-5.000,85.000,0.287969,85.3614,0.355673,step
1782157091,4,TILT,-5.000,85.000,0.337215,84.2512,0.351047,step
1782157091,4,TILT,-5.000,85.000,0.368310,85.1530,0.354804,step
1782157091,4,TILT,-5.000,85.000,0.399117,84.6249,0.352604,step
1782157091,4,TILT,-5.000,85.000,0.432154,84.6242,0.352601,step
1782157091,4,TILT,-5.000,85.000,0.464114,84.8693,0.353622,step
1782157091,4,TILT,-5.000,85.000,0.496910,84.8999,0.353750,step
1782157091,4,TILT,-5.000,85.000,0.528911,85.0011,0.354171,step
1782157091,4,TILT,-5.000,85.000,0.560857,85.1908,0.354961,step
1782157091,4,TILT,-5.000,85.000,0.594007,85.1404,0.354752,step
1782157091,4,TILT,-5.000,85.000,0.624562,85.1927,0.354970,step
1782157091,4,TILT,-5.000,85.000,0.656565,85.2941,0.355392,step
1782157091,4,TILT,-5.000,85.000,0.688644,86.0692,0.358622,step
1782157091,4,TILT,-5.000,85.000,0.737242,87.5127,0.364636,step
1782157091,4,TILT,-5.000,85.000,0.769201,87.1796,0.363248,step
1782157091,4,TILT,-5.000,85.000,0.800585,87.1563,0.363151,step
1782157091,4,TILT,-5.000,85.000,0.832806,87.4356,0.364315,step
1782157091,4,TILT,-5.000,85.000,0.864533,87.2985,0.363744,step
1782157091,4,TILT,-5.000,85.000,0.896234,87.2826,0.363678,step
1782157091,4,TILT,-5.000,85.000,0.928726,87.3313,0.363881,step
1782157091,4,TILT,-5.000,85.000,0.960656,87.3611,0.364005,step
1782157091,4,TILT,-5.000,85.000,0.992377,87.3869,0.364112,step
1782157091,4,TILT,-5.000,85.000,1.024236,87.3979,0.364158,step
1782157091,4,TILT,-5.000,85.000,1.056202,87.5602,0.364834,step
1782157091,4,TILT,-5.000,85.000,1.089294,88.0553,0.366897,step
1782157091,4,TILT,-5.000,85.000,1.136963,88.1736,0.367390,step
1782157091,4,TILT,-5.000,85.000,1.167564,88.2900,0.367875,step
1782157091,5,TILT,5.000,85.000,-0.299998,87.8391,0.365996,pre
1782157091,5,TILT,5.000,85.000,-0.268638,88.0947,0.367061,pre
1782157091,5,TILT,5.000,85.000,-0.237489,87.9343,0.366393,pre
1782157091,5,TILT,5.000,85.000,-0.205056,88.0104,0.366710,pre
1782157091,5,TILT,5.000,85.000,-0.156982,89.6634,0.373598,pre
1782157091,5,TILT,5.000,85.000,-0.125061,89.5686,0.373202,pre
1782157091,5,TILT,5.000,85.000,-0.093358,89.4916,0.372882,pre
1782157091,5,TILT,5.000,85.000,-0.060989,89.8632,0.374430,pre
1782157091,5,TILT,5.000,85.000,-0.028427,89.7312,0.373880,pre
1782157091,5,TILT,5.000,90.000,0.000451,89.7654,0.374022,step
1782157091,5,TILT,5.000,90.000,0.032038,88.0314,0.366798,step
1782157091,5,TILT,5.000,90.000,0.063996,62.8756,0.261982,step
1782157091,5,TILT,5.000,90.000,0.095142,21.2860,0.088692,step
1782157091,5,TILT,5.000,90.000,0.128114,-9.4635,-0.039431,step
1782157091,5,TILT,5.000,90.000,0.160168,-9.4017,-0.039174,step
1782157091,5,TILT,5.000,90.000,0.192642,4.3871,0.018279,step
1782157091,5,TILT,5.000,90.000,0.240457,6.1231,0.025513,step
1782157091,5,TILT,5.000,90.000,0.271806,-0.1243,-0.000518,step
1782157091,5,TILT,5.000,90.000,0.303365,0.3916,0.001632,step
1782157091,5,TILT,5.000,90.000,0.334752,1.9463,0.008110,step
1782157091,5,TILT,5.000,90.000,0.368175,0.3438,0.001432,step
1782157091,5,TILT,5.000,90.000,0.400398,1.0717,0.004466,step
1782157091,5,TILT,5.000,90.000,0.431197,1.4636,0.006098,step
1782157091,5,TILT,5.000,90.000,0.463678,0.6832,0.002847,step
1782157091,5,TILT,5.000,90.000,0.495778,1.0680,0.004450,step
1782157091,5,TILT,5.000,90.000,0.526845,1.0324,0.004302,step
1782157091,5,TILT,5.000,90.000,0.559168,0.9209,0.003837,step
1782157091,5,TILT,5.000,90.000,0.591337,1.0966,0.004569,step
1782157091,5,TILT,5.000,90.000,0.638388,1.0563,0.004401,step
1782157091,5,TILT,5.000,90.000,0.671112,1.0079,0.004199,step
1782157091,5,TILT,5.000,90.000,0.703250,0.7842,0.003267,step
1782157091,5,TILT,5.000,90.000,0.736242,0.6346,0.002644,step
1782157091,5,TILT,5.000,90.000,0.765893,0.5878,0.002449,step
1782157091,5,TILT,5.000,90.000,0.800666,0.5968,0.002487,step
1782157091,5,TILT,5.000,90.000,0.831414,0.5175,0.002156,step
1782157091,5,TILT,5.000,90.000,0.864698,0.7480,0.003117,step
1782157091,5,TILT,5.000,90.000,0.896675,0.8709,0.003629,step
1782157091,5,TILT,5.000,90.000,0.927256,0.9159,0.003816,step
1782157091,5,TILT,5.000,90.000,0.959120,0.9084,0.003785,step
1782157091,5,TILT,5.000,90.000,0.991415,0.9512,0.003963,step
1782157091,5,TILT,5.000,90.000,1.040876,0.9727,0.004053,step
1782157091,5,TILT,5.000,90.000,1.071994,0.9427,0.003928,step
1782157091,5,TILT,5.000,90.000,1.103238,0.9710,0.004046,step
1782157091,5,TILT,5.000,90.000,1.135187,0.9572,0.003988,step
1782157091,5,TILT,5.000,90.000,1.167217,0.9623,0.004009,step
1782157091,5,TILT,5.000,90.000,1.199759,0.8027,0.003345,step
1782157091,6,TILT,-5.000,90.000,-0.299999,1.0833,0.004514,pre
1782157091,6,TILT,-5.000,90.000,-0.268111,1.1759,0.004900,pre
1782157091,6,TILT,-5.000,90.000,-0.236381,1.4462,0.006026,pre
1782157091,6,TILT,-5.000,90.000,-0.203502,1.4668,0.006112,pre
1782157091,6,TILT,-5.000,90.000,-0.171547,1.2456,0.005190,pre
1782157091,6,TILT,-5.000,90.000,-0.140944,1.2550,0.005229,pre
1782157091,6,TILT,-5.000,90.000,-0.107971,1.8093,0.007539,pre
1782157091,6,TILT,-5.000,90.000,-0.076974,1.6378,0.006824,pre
1782157091,6,TILT,-5.000,90.000,-0.043916,1.5685,0.006535,pre
1782157091,6,TILT,-5.000,90.000,-0.011585,1.4400,0.006000,pre
1782157091,6,TILT,-5.000,85.000,0.000302,1.3069,0.005445,step
1782157091,6,TILT,-5.000,85.000,0.031999,6.1547,0.025644,step
1782157091,6,TILT,-5.000,85.000,0.080567,41.6106,0.173378,step
1782157091,6,TILT,-5.000,85.000,0.112538,87.8276,0.365948,step
1782157091,6,TILT,-5.000,85.000,0.144172,102.3426,0.426427,step
1782157091,6,TILT,-5.000,85.000,0.177142,93.6640,0.390267,step
1782157091,6,TILT,-5.000,85.000,0.208180,84.4042,0.351684,step
1782157091,6,TILT,-5.000,85.000,0.240120,83.1272,0.346363,step
1782157091,6,TILT,-5.000,85.000,0.272156,86.0183,0.358410,step
1782157091,6,TILT,-5.000,85.000,0.305141,85.4258,0.355941,step
1782157091,6,TILT,-5.000,85.000,0.336097,86.8195,0.361748,step
1782157091,6,TILT,-5.000,85.000,0.367846,87.1351,0.363063,step
1782157091,6,TILT,-5.000,85.000,0.400773,86.5009,0.360420,step
1782157091,6,TILT,-5.000,85.000,0.432420,86.7247,0.361353,step
1782157091,6,TILT,-5.000,85.000,0.480816,87.0626,0.362761,step
1782157091,6,TILT,-5.000,85.000,0.512862,88.0698,0.366957,step
1782157091,6,TILT,-5.000,85.000,0.545006,89.4506,0.372711,step
1782157091,6,TILT,-5.000,85.000,0.577031,89.3137,0.372140,step
1782157091,6,TILT,-5.000,85.000,0.608025,89.3207,0.372169,step
1782157091,6,TILT,-5.000,85.000,0.639588,89.4083,0.372534,step
1782157091,6,TILT,-5.000,85.000,0.672521,89.4032,0.372513,step
1782157091,6,TILT,-5.000,85.000,0.704494,89.3979,0.372491,step
1782157091,6,TILT,-5.000,85.000,0.736465,90.8541,0.378559,step
1782157091,6,TILT,-5.000,85.000,0.768143,91.3031,0.380429,step
1782157091,6,TILT,-5.000,85.000,0.800216,90.6073,0.377530,step
1782157091,6,TILT,-5.000,85.000,0.832996,90.7275,0.378031,step
1782157091,6,TILT,-5.000,85.000,0.879656,91.3254,0.380523,step
1782157091,6,TILT,-5.000,85.000,0.911453,91.0968,0.379570,step
1782157091,6,TILT,-5.000,85.000,0.943518,90.8018,0.378341,step
1782157091,6,TILT,-5.000,85.000,0.976405,90.7985,0.378327,step
1782157091,6,TILT,-5.000,85.000,1.008499,90.7967,0.378320,step
1782157091,6,TILT,-5.000,85.000,1.040100,90.7314,0.378048,step
1782157091,6,TILT,-5.000,85.000,1.072107,90.5755,0.377398,step
1782157091,6,TILT,-5.000,85.000,1.104105,90.6408,0.377670,step
1782157091,6,TILT,-5.000,85.000,1.136226,90.8111,0.378379,step
1782157091,6,TILT,-5.000,85.000,1.167722,91.0909,0.379546,step
1782157091,7,TILT,5.000,85.000,-0.299999,91.0390,0.379329,pre
1782157091,7,TILT,5.000,85.000,-0.267937,90.9821,0.379092,pre
1782157091,7,TILT,5.000,85.000,-0.235898,90.9358,0.378899,pre
1782157091,7,TILT,5.000,85.000,-0.203879,90.8577,0.378574,pre
1782157091,7,TILT,5.000,85.000,-0.171844,90.8141,0.378392,pre
1782157091,7,TILT,5.000,85.000,-0.140110,91.0926,0.379553,pre
1782157091,7,TILT,5.000,85.000,-0.108225,90.9948,0.379145,pre
1782157091,7,TILT,5.000,85.000,-0.076216,90.9937,0.379141,pre
1782157091,7,TILT,5.000,85.000,-0.028285,90.9826,0.379094,pre
1782157091,7,TILT,5.000,90.000,0.000426,90.9893,0.379122,step
1782157091,7,TILT,5.000,90.000,0.032139,91.0136,0.379223,step
1782157091,7,TILT,5.000,90.000,0.063418,77.1629,0.321512,step
1782157091,7,TILT,5.000,90.000,0.096417,40.6270,0.169279,step
1782157091,7,TILT,5.000,90.000,0.127950,-1.5572,-0.006489,step
1782157091,7,TILT,5.000,90.000,0.160282,-11.0182,-0.045909,step
1782157091,7,TILT,5.000,90.000,0.193179,3.7062,0.015443,step
1782157091,7,TILT,5.000,90.000,0.225282,12.3600,0.051500,step
1782157091,7,TILT,5.000,90.000,0.255735,5.6252,0.023439,step
1782157091,7,TILT,5.000,90.000,0.288078,2.1463,0.008943,step
1782157091,7,TILT,5.000,90.000,0.320081,4.6441,0.019350,step
1782157091,7,TILT,5.000,90.000,0.367604,4.1978,0.017491,step
1782157091,7,TILT,5.000,90.000,0.400602,3.5710,0.014879,step
1782157091,7,TILT,5.000,90.000,0.432784,4.5291,0.018871,step
1782157091,7,TILT,5.000,90.000,0.464783,4.2873,0.017864,step
1782157091,7,TILT,5.000,90.000,0.495803,4.2339,0.017641,step
1782157091,7,TILT,5.000,90.000,0.528835,4.5381,0.018909,step
1782157091,7,TILT,5.000,90.000,0.560401,4.4229,0.018429,step
1782157091,7,TILT,5.000,90.000,0.592399,4.7642,0.019851,step
1782157091,7,TILT,5.000,90.000,0.624985,4.7111,0.019630,step
1782157091,7,TILT,5.000,90.000,0.655468,4.6890,0.019538,step
1782157091,7,TILT,5.000,90.000,0.688398,4.7472,0.019780,step
1782157091,7,TILT,5.000,90.000,0.720741,4.8250,0.020104,step
1782157091,7,TILT,5.000,90.000,0.768238,4.8174,0.020073,step
1782157091,7,TILT,5.000,90.000,0.800237,4.7431,0.019763,step
1782157091,7,TILT,5.000,90.000,0.832798,4.7839,0.019933,step
1782157091,7,TILT,5.000,90.000,0.862801,4.8633,0.020264,step
1782157091,7,TILT,5.000,90.000,0.895796,4.9216,0.020507,step
1782157091,7,TILT,5.000,90.000,0.927734,4.8400,0.020167,step
1782157091,7,TILT,5.000,90.000,0.960344,4.8519,0.020216,step
1782157091,7,TILT,5.000,90.000,0.991335,4.8832,0.020347,step
1782157091,7,TILT,5.000,90.000,1.024392,5.0247,0.020936,step
1782157091,7,TILT,5.000,90.000,1.056723,4.9746,0.020727,step
1782157091,7,TILT,5.000,90.000,1.088072,5.1500,0.021458,step
1782157091,7,TILT,5.000,90.000,1.120086,5.0918,0.021216,step
1782157091,7,TILT,5.000,90.000,1.166793,5.1020,0.021258,step
1782157091,7,TILT,5.000,90.000,1.199549,5.1436,0.021432,step
1782157091,8,TILT,-5.000,90.000,-0.299999,4.9985,0.020827,pre
1782157091,8,TILT,-5.000,90.000,-0.268532,5.0673,0.021114,pre
1782157091,8,TILT,-5.000,90.000,-0.236532,5.0501,0.021042,pre
1782157091,8,TILT,-5.000,90.000,-0.204525,5.3539,0.022308,pre
1782157091,8,TILT,-5.000,90.000,-0.157003,5.1992,0.021663,pre
1782157091,8,TILT,-5.000,90.000,-0.124999,5.1634,0.021514,pre
1782157091,8,TILT,-5.000,90.000,-0.092550,5.5041,0.022934,pre
1782157091,8,TILT,-5.000,90.000,-0.059525,5.3900,0.022458,pre
1782157091,8,TILT,-5.000,90.000,-0.028485,5.3707,0.022378,pre
1782157091,8,TILT,-5.000,85.000,0.000423,5.3550,0.022312,step
1782157091,8,TILT,-5.000,85.000,0.031124,7.4829,0.031179,step
1782157091,8,TILT,-5.000,85.000,0.062983,38.9914,0.162464,step
1782157091,8,TILT,-5.000,85.000,0.095054,82.9421,0.345592,step
1782157091,8,TILT,-5.000,85.000,0.126599,100.5800,0.419083,step
1782157091,8,TILT,-5.000,85.000,0.159539,96.7346,0.403061,step
1782157091,8,TILT,-5.000,85.000,0.191545,88.9493,0.370622,step
1782157091,8,TILT,-5.000,85.000,0.239093,87.8432,0.366013,step
1782157091,8,TILT,-5.000,85.000,0.271181,89.9907,0.374961,step
1782157091,8,TILT,-5.000,85.000,0.302680,89.0852,0.371188,step
1782157091,8,TILT,-5.000,85.000,0.334688,89.1818,0.371591,step
1782157091,8,TILT,-5.000,85.000,0.366810,89.5961,0.373317,step
1782157091,8,TILT,-5.000,85.000,0.398826,88.9412,0.370588,step
1782157091,8,TILT,-5.000,85.000,0.430337,89.0682,0.371117,step
1782157091,8,TILT,-5.000,85.000,0.462338,89.2444,0.371851,step
1782157091,8,TILT,-5.000,85.000,0.495512,89.2541,0.371892,step
1782157091,8,TILT,-5.000,85.000,0.527493,89.4029,0.372512,step
1782157091,8,TILT,-5.000,85.000,0.559482,88.9204,0.370502,step
1782157091,8,TILT,-5.000,85.000,0.590583,88.9775,0.370739,step
1782157091,8,TILT,-5.000,85.000,0.639608,89.0089,0.370870,step
1782157091,8,TILT,-5.000,85.000,0.671127,89.1400,0.371417,step
1782157091,8,TILT,-5.000,85.000,0.702955,89.1385,0.371410,step
1782157091,8,TILT,-5.000,85.000,0.734900,89.0458,0.371024,step
1782157091,8,TILT,-5.000,85.000,0.766901,89.0893,0.371205,step
1782157091,8,TILT,-5.000,85.000,0.798954,89.0739,0.371141,step
1782157091,8,TILT,-5.000,85.000,0.830633,89.3832,0.372430,step
1782157091,8,TILT,-5.000,85.000,0.863627,89.1352,0.371397,step
1782157091,8,TILT,-5.000,85.000,0.894592,89.4487,0.372703,step
1782157091,8,TILT,-5.000,85.000,0.927125,89.4034,0.372514,step
1782157091,8,TILT,-5.000,85.000,0.959157,89.3972,0.372489,step
1782157091,8,TILT,-5.000,85.000,0.991430,89.3554,0.372314,step
1782157091,8,TILT,-5.000,85.000,1.039227,89.2960,0.372067,step
1782157091,8,TILT,-5.000,85.000,1.070681,89.5740,0.373225,step
1782157091,8,TILT,-5.000,85.000,1.103130,89.6065,0.373360,step
1782157091,8,TILT,-5.000,85.000,1.135387,89.5651,0.373188,step
1782157091,8,TILT,-5.000,85.000,1.165866,89.5538,0.373141,step
1782157091,8,TILT,-5.000,85.000,1.199485,89.7522,0.373967,step
1782157091,9,TILT,5.000,85.000,-0.299999,89.7587,0.373995,pre
1782157091,9,TILT,5.000,85.000,-0.266990,89.3756,0.372398,pre
1782157091,9,TILT,5.000,85.000,-0.235578,89.4441,0.372684,pre
1782157091,9,TILT,5.000,85.000,-0.203307,89.7446,0.373936,pre
1782157091,9,TILT,5.000,85.000,-0.171215,89.7801,0.374084,pre
1782157091,9,TILT,5.000,85.000,-0.139212,89.7073,0.373780,pre
1782157091,9,TILT,5.000,85.000,-0.108536,89.5857,0.373274,pre
1782157091,9,TILT,5.000,85.000,-0.075650,89.4713,0.372797,pre
1782157091,9,TILT,5.000,85.000,-0.043591,89.2297,0.371791,pre
1782157091,9,TILT,5.000,85.000,-0.010906,89.2527,0.371886,pre
1782157091,9,TILT,5.000,90.000,0.000319,89.2763,0.371985,step
1782157091,9,TILT,5.000,90.000,0.031967,85.5795,0.356581,step
1782157091,9,TILT,5.000,90.000,0.079396,54.1767,0.225736,step
1782157091,9,TILT,5.000,90.000,0.112440,11.1921,0.046634,step
1782157091,9,TILT,5.000,90.000,0.144397,-11.3911,-0.047463,step
1782157091,9,TILT,5.000,90.000,0.175988,-8.0135,-0.033390,step
1782157091,9,TILT,5.000,90.000,0.208052,4.4659,0.018608,step
1782157091,9,TILT,5.000,90.000,0.240043,4.3228,0.018012,step
1782157091,9,TILT,5.000,90.000,0.271715,-1.1986,-0.004994,step
1782157091,9,TILT,5.000,90.000,0.303756,0.2408,0.001003,step
1782157091,9,TILT,5.000,90.000,0.335011,1.3084,0.005452,step
1782157091,9,TILT,5.000,90.000,0.368356,-0.1437,-0.000599,step
1782157091,9,TILT,5.000,90.000,0.399646,0.4252,0.001772,step
1782157091,9,TILT,5.000,90.000,0.431719,0.6711,0.002796,step
1782157091,9,TILT,5.000,90.000,0.480331,0.3661,0.001525,step
1782157091,9,TILT,5.000,90.000,0.512556,0.5744,0.002393,step
1782157091,9,TILT,5.000,90.000,0.545034,0.7187,0.002995,step
1782157091,9,TILT,5.000,90.000,0.576043,0.6968,0.002903,step
1782157091,9,TILT,5.000,90.000,0.609037,0.6722,0.002801,step
1782157091,9,TILT,5.000,90.000,0.640669,0.7354,0.003064,step
1782157091,9,TILT,5.000,90.000,0.671759,0.7782,0.003243,step
1782157091,9,TILT,5.000,90.000,0.704255,0.2326,0.000969,step
1782157091,9,TILT,5.000,90.000,0.736337,0.4445,0.001852,step
1782157091,9,TILT,5.000,90.000,0.767798,1.0268,0.004278,step
1782157091,9,TILT,5.000,90.000,0.800271,0.8109,0.003379,step
1782157091,9,TILT,5.000,90.000,0.832463,0.8425,0.003511,step
1782157091,9,TILT,5.000,90.000,0.880744,1.3279,0.005533,step
1782157091,9,TILT,5.000,90.000,0.912679,1.2854,0.005356,step
1782157091,9,TILT,5.000,90.000,0.944731,0.7444,0.003102,step
1782157091,9,TILT,5.000,90.000,0.976028,0.7002,0.002918,step
1782157091,9,TILT,5.000,90.000,1.008029,0.8355,0.003481,step
1782157091,9,TILT,5.000,90.000,1.040088,0.7512,0.003130,step
1782157091,9,TILT,5.000,90.000,1.072564,0.5871,0.002446,step
1782157091,9,TILT,5.000,90.000,1.103899,0.5025,0.002094,step
1782157091,9,TILT,5.000,90.000,1.135879,0.3671,0.001530,step
1782157091,9,TILT,5.000,90.000,1.168479,0.3398,0.001416,step
1782157091,10,TILT,-5.000,90.000,-0.299999,0.3271,0.001363,pre
1782157091,10,TILT,-5.000,90.000,-0.267998,0.3529,0.001470,pre
1782157091,10,TILT,-5.000,90.000,-0.236289,0.3030,0.001262,pre
1782157091,10,TILT,-5.000,90.000,-0.203890,0.4417,0.001840,pre
1782157091,10,TILT,-5.000,90.000,-0.171879,0.3390,0.001413,pre
1782157091,10,TILT,-5.000,90.000,-0.140404,0.4063,0.001693,pre
1782157091,10,TILT,-5.000,90.000,-0.107318,0.6124,0.002552,pre
1782157091,10,TILT,-5.000,90.000,-0.075347,0.4822,0.002009,pre
1782157091,10,TILT,-5.000,90.000,-0.027780,0.4802,0.002001,pre
1782157091,10,TILT,-5.000,85.000,0.000427,0.3928,0.001637,step
1782157091,10,TILT,-5.000,85.000,0.031004,0.5958,0.002483,step
1782157091,10,TILT,-5.000,85.000,0.063533,21.5289,0.089704,step
1782157091,10,TILT,-5.000,85.000,0.096534,61.6311,0.256796,step
1782157091,10,TILT,-5.000,85.000,0.127541,98.2872,0.409530,step
1782157091,10,TILT,-5.000,85.000,0.159658,104.7622,0.436509,step
1782157091,10,TILT,-5.000,85.000,0.191643,93.4612,0.389422,step
1782157091,10,TILT,-5.000,85.000,0.223699,87.5401,0.364750,step
1782157091,10,TILT,-5.000,85.000,0.256380,89.5060,0.372942,step
1782157091,10,TILT,-5.000,85.000,0.288439,89.9514,0.374797,step
1782157091,10,TILT,-5.000,85.000,0.321398,89.0099,0.370875,step
1782157091,10,TILT,-5.000,85.000,0.367905,89.7982,0.374159,step
1782157091,10,TILT,-5.000,85.000,0.399944,89.5030,0.372929,step
1782157091,10,TILT,-5.000,85.000,0.432869,89.4866,0.372861,step
1782157091,10,TILT,-5.000,85.000,0.465330,89.8510,0.374379,step
1782157091,10,TILT,-5.000,85.000,0.495359,89.8140,0.374225,step
1782157091,10,TILT,-5.000,85.000,0.528340,89.8271,0.374280,step
1782157091,10,TILT,-5.000,85.000,0.559842,89.8411,0.374338,step
1782157091,10,TILT,-5.000,85.000,0.591843,89.9552,0.374813,step
1782157091,10,TILT,-5.000,85.000,0.624011,89.9683,0.374868,step
1782157091,10,TILT,-5.000,85.000,0.655467,89.9693,0.374872,step
1782157091,10,TILT,-5.000,85.000,0.688267,90.0369,0.375154,step
1782157091,10,TILT,-5.000,85.000,0.720362,89.9789,0.374912,step
1782157091,10,TILT,-5.000,85.000,0.766990,89.9201,0.374667,step
1782157091,10,TILT,-5.000,85.000,0.800015,89.9176,0.374657,step
1782157091,10,TILT,-5.000,85.000,0.832066,89.9764,0.374902,step
1782157091,10,TILT,-5.000,85.000,0.863643,90.0772,0.375321,step
1782157091,10,TILT,-5.000,85.000,0.895639,90.0572,0.375238,step
1782157091,10,TILT,-5.000,85.000,0.927693,90.1007,0.375420,step
1782157091,10,TILT,-5.000,85.000,0.960353,90.0107,0.375045,step
1782157091,10,TILT,-5.000,85.000,0.991336,90.1722,0.375717,step
1782157091,10,TILT,-5.000,85.000,1.023376,90.4513,0.376880,step
1782157091,10,TILT,-5.000,85.000,1.055831,90.4406,0.376836,step
1782157091,10,TILT,-5.000,85.000,1.086842,90.7609,0.378170,step
1782157091,10,TILT,-5.000,85.000,1.119853,90.7109,0.377962,step
1782157091,10,TILT,-5.000,85.000,1.167365,90.2738,0.376141,step
1782157091,10,TILT,-5.000,85.000,1.198971,90.7491,0.378121,step
1782157091,11,TILT,5.000,85.000,-0.299999,90.8223,0.378426,pre
1782157091,11,TILT,5.000,85.000,-0.268499,90.4974,0.377072,pre
1782157091,11,TILT,5.000,85.000,-0.235665,90.7697,0.378207,pre
1782157091,11,TILT,5.000,85.000,-0.204715,90.8974,0.378739,pre
1782157091,11,TILT,5.000,85.000,-0.156140,91.0100,0.379209,pre
1782157091,11,TILT,5.000,85.000,-0.125151,91.2007,0.380003,pre
1782157091,11,TILT,5.000,85.000,-0.093142,91.3006,0.380419,pre
1782157091,11,TILT,5.000,85.000,-0.060698,91.2970,0.380404,pre
1782157091,11,TILT,5.000,85.000,-0.028674,91.4441,0.381017,pre
1782157091,11,TILT,5.000,90.000,0.000363,91.3148,0.380478,step
1782157091,11,TILT,5.000,90.000,0.031977,89.4111,0.372546,step
1782157091,11,TILT,5.000,90.000,0.064064,60.7731,0.253221,step
1782157091,11,TILT,5.000,90.000,0.097638,24.3004,0.101252,step
1782157091,11,TILT,5.000,90.000,0.128458,1.8415,0.007673,step
1782157091,11,TILT,5.000,90.000,0.160515,2.4028,0.010012,step
1782157091,11,TILT,5.000,90.000,0.192408,12.4244,0.051768,step
1782157091,11,TILT,5.000,90.000,0.239938,12.4598,0.051916,step
1782157091,11,TILT,5.000,90.000,0.272134,8.1281,0.033867,step
1782157091,11,TILT,5.000,90.000,0.304342,9.7659,0.040691,step
1782157091,11,TILT,5.000,90.000,0.336804,10.1170,0.042154,step
1782157091,11,TILT,5.000,90.000,0.368844,9.0841,0.037850,step
1782157091,11,TILT,5.000,90.000,0.399875,10.0556,0.041898,step
1782157091,11,TILT,5.000,90.000,0.431514,9.8689,0.041120,step
1782157091,11,TILT,5.000,90.000,0.463583,9.0591,0.037746,step
1782157091,11,TILT,5.000,90.000,0.496756,9.6923,0.040384,step
1782157091,11,TILT,5.000,90.000,0.528183,9.7321,0.040550,step
1782157091,11,TILT,5.000,90.000,0.560431,9.1844,0.038268,step
1782157091,11,TILT,5.000,90.000,0.592348,9.2004,0.038335,step
1782157091,11,TILT,5.000,90.000,0.640967,9.0688,0.037786,step
1782157091,11,TILT,5.000,90.000,0.672935,8.8029,0.036679,step
1782157091,11,TILT,5.000,90.000,0.703904,8.7448,0.036437,step
1782157091,11,TILT,5.000,90.000,0.736469,8.7160,0.036317,step
1782157091,11,TILT,5.000,90.000,0.768475,8.7470,0.036446,step
1782157091,11,TILT,5.000,90.000,0.800479,8.7541,0.036475,step
1782157091,11,TILT,5.000,90.000,0.832740,8.7421,0.036426,step
1782157091,11,TILT,5.000,90.000,0.864158,8.6636,0.036098,step
1782157091,11,TILT,5.000,90.000,0.896093,8.7847,0.036603,step
1782157091,11,TILT,5.000,90.000,0.928190,8.8317,0.036799,step
1782157091,11,TILT,5.000,90.000,0.959727,8.7609,0.036504,step
1782157091,11,TILT,5.000,90.000,0.992721,8.8146,0.036728,step
1782157091,11,TILT,5.000,90.000,1.041336,8.7301,0.036376,step
1782157091,11,TILT,5.000,90.000,1.071951,8.6421,0.036009,step
1782157091,11,TILT,5.000,90.000,1.104866,8.2971,0.034571,step
1782157091,11,TILT,5.000,90.000,1.136177,8.2870,0.034529,step
1782157091,11,TILT,5.000,90.000,1.168069,8.2064,0.034193,step
1782157091,12,TILT,-5.000,90.000,-0.299999,5.1573,0.021489,pre
1782157091,12,TILT,-5.000,90.000,-0.250153,5.5178,0.022991,pre
1782157091,12,TILT,-5.000,90.000,-0.218013,5.5904,0.023293,pre
1782157091,12,TILT,-5.000,90.000,-0.186145,5.2198,0.021749,pre
1782157091,12,TILT,-5.000,90.000,-0.153730,5.2600,0.021916,pre
1782157091,12,TILT,-5.000,90.000,-0.121919,4.8794,0.020331,pre
1782157091,12,TILT,-5.000,90.000,-0.090249,4.3839,0.018266,pre
1782157091,12,TILT,-5.000,90.000,-0.057739,4.2588,0.017745,pre
1782157091,12,TILT,-5.000,90.000,-0.025732,4.3535,0.018140,pre
1782157091,12,TILT,-5.000,85.000,0.000259,4.3372,0.018072,step
1782157091,12,TILT,-5.000,85.000,0.031505,6.6145,0.027560,step
1782157091,12,TILT,-5.000,85.000,0.063581,35.1343,0.146393,step
1782157091,12,TILT,-5.000,85.000,0.095507,74.3166,0.309653,step
1782157091,12,TILT,-5.000,85.000,0.144033,92.6911,0.386213,step
1782157091,12,TILT,-5.000,85.000,0.176038,90.6186,0.377577,step
1782157091,12,TILT,-5.000,85.000,0.208036,83.1002,0.346251,step
1782157091,12,TILT,-5.000,85.000,0.240550,83.5650,0.348188,step
1782157091,12,TILT,-5.000,85.000,0.271548,87.7846,0.365769,step
1782157091,12,TILT,-5.000,85.000,0.304544,86.6551,0.361063,step
1782157091,12,TILT,-5.000,85.000,0.337072,86.2360,0.359317,step
1782157091,12,TILT,-5.000,85.000,0.367057,86.9835,0.362431,step
1782157091,12,TILT,-5.000,85.000,0.401010,86.6209,0.360920,step
1782157091,12,TILT,-5.000,85.000,0.431449,86.7355,0.361398,step
1782157091,12,TILT,-5.000,85.000,0.463448,86.8958,0.362066,step
1782157091,12,TILT,-5.000,85.000,0.496450,87.4804,0.364501,step
1782157091,12,TILT,-5.000,85.000,0.542360,88.8568,0.370236,step
1782157091,12,TILT,-5.000,85.000,0.574358,89.4695,0.372789,step
1782157091,12,TILT,-5.000,85.000,0.606426,88.9464,0.370610,step
1782157091,12,TILT,-5.000,85.000,0.638659,89.5464,0.373110,step
1782157091,12,TILT,-5.000,85.000,0.672582,89.5573,0.373155,step
1782157091,12,TILT,-5.000,85.000,0.703660,89.3856,0.372440,step
1782157091,12,TILT,-5.000,85.000,0.736232,89.5880,0.373283,step
1782157091,12,TILT,-5.000,85.000,0.767470,88.9376,0.370573,step
1782157091,12,TILT,-5.000,85.000,0.800221,89.4174,0.372572,step
1782157091,12,TILT,-5.000,85.000,0.831737,89.6113,0.373381,step
1782157091,12,TILT,-5.000,85.000,0.862738,89.1426,0.371427,step
1782157091,12,TILT,-5.000,85.000,0.895788,89.2073,0.371697,step
1782157091,12,TILT,-5.000,85.000,0.943190,89.1672,0.371530,step
1782157091,12,TILT,-5.000,85.000,0.975154,89.1049,0.371270,step
1782157091,12,TILT,-5.000,85.000,1.007211,88.8718,0.370299,step
1782157091,12,TILT,-5.000,85.000,1.039599,89.0809,0.371170,step
1782157091,12,TILT,-5.000,85.000,1.071576,89.1962,0.371651,step
1782157091,12,TILT,-5.000,85.000,1.103634,89.1067,0.371278,step
1782157091,12,TILT,-5.000,85.000,1.134122,89.3832,0.372430,step
1782157091,12,TILT,-5.000,85.000,1.167158,89.4661,0.372776,step
1782157091,13,TILT,5.000,85.000,-0.299999,89.1645,0.371519,pre
1782157091,13,TILT,5.000,85.000,-0.267794,89.0622,0.371092,pre
1782157091,13,TILT,5.000,85.000,-0.235785,89.0288,0.370954,pre
1782157091,13,TILT,5.000,85.000,-0.203753,89.0264,0.370943,pre
1782157091,13,TILT,5.000,85.000,-0.171149,88.9593,0.370664,pre
1782157091,13,TILT,5.000,85.000,-0.140118,88.9935,0.370806,pre
1782157091,13,TILT,5.000,85.000,-0.108230,89.0680,0.371117,pre
1782157091,13,TILT,5.000,85.000,-0.076610,88.8590,0.370246,pre
1782157091,13,TILT,5.000,85.000,-0.043559,88.8280,0.370117,pre
1782157091,13,TILT,5.000,85.000,-0.012609,88.9291,0.370538,pre
1782157091,13,TILT,5.000,90.000,0.000325,88.8819,0.370341,step
1782157091,13,TILT,5.000,90.000,0.032773,88.0363,0.366818,step
1782157091,13,TILT,5.000,90.000,0.064948,69.5733,0.289889,step
1782157091,13,TILT,5.000,90.000,0.096470,30.2159,0.125900,step
1782157091,13,TILT,5.000,90.000,0.128877,-8.6014,-0.035839,step
1782157091,13,TILT,5.000,90.000,0.159386,-15.1577,-0.063157,step
1782157091,13,TILT,5.000,90.000,0.192457,-0.3913,-0.001631,step
1782157091,13,TILT,5.000,90.000,0.224319,6.5002,0.027084,step
1782157091,13,TILT,5.000,90.000,0.256236,-0.2906,-0.001211,step
1782157091,13,TILT,5.000,90.000,0.287831,-2.8111,-0.011713,step
1782157091,13,TILT,5.000,90.000,0.319784,0.0271,0.000113,step
1782157091,13,TILT,5.000,90.000,0.351782,-0.6111,-0.002546,step
1782157091,13,TILT,5.000,90.000,0.400384,-1.2904,-0.005377,step
1782157091,13,TILT,5.000,90.000,0.431375,-0.1264,-0.000527,step
1782157091,13,TILT,5.000,90.000,0.463386,-0.5096,-0.002124,step
1782157091,13,TILT,5.000,90.000,0.495903,-0.8728,-0.003637,step
1782157091,13,TILT,5.000,90.000,0.527886,-0.4027,-0.001678,step
1782157091,13,TILT,5.000,90.000,0.559915,-0.4404,-0.001835,step
1782157091,13,TILT,5.000,90.000,0.592407,-0.6321,-0.002634,step
1782157091,13,TILT,5.000,90.000,0.623417,-0.6931,-0.002888,step
1782157091,13,TILT,5.000,90.000,0.656417,-0.8275,-0.003448,step
1782157091,13,TILT,5.000,90.000,0.687921,-0.8503,-0.003543,step
1782157091,13,TILT,5.000,90.000,0.719877,-0.8053,-0.003355,step
1782157091,13,TILT,5.000,90.000,0.752506,-1.0255,-0.004273,step
1782157091,13,TILT,5.000,90.000,0.800146,-0.9589,-0.003995,step
1782157091,13,TILT,5.000,90.000,0.832150,-0.9288,-0.003870,step
1782157091,13,TILT,5.000,90.000,0.863158,-0.9731,-0.004055,step
1782157091,13,TILT,5.000,90.000,0.895682,-0.9622,-0.004009,step
1782157091,13,TILT,5.000,90.000,0.928688,-0.6948,-0.002895,step
1782157091,13,TILT,5.000,90.000,0.959687,-0.7371,-0.003071,step
1782157091,13,TILT,5.000,90.000,0.991195,-0.7263,-0.003026,step
1782157091,13,TILT,5.000,90.000,1.024186,-0.7037,-0.002932,step
1782157091,13,TILT,5.000,90.000,1.056186,-0.6925,-0.002885,step
1782157091,13,TILT,5.000,90.000,1.087706,-0.9676,-0.004032,step
1782157091,13,TILT,5.000,90.000,1.119775,-0.6780,-0.002825,step
1782157091,13,TILT,5.000,90.000,1.151704,-0.3788,-0.001578,step
1782157091,13,TILT,5.000,90.000,1.199755,-0.7274,-0.003031,step
1782157091,14,TILT,-5.000,90.000,-0.299999,-0.8466,-0.003527,pre
1782157091,14,TILT,-5.000,90.000,-0.267028,-0.8026,-0.003344,pre
1782157091,14,TILT,-5.000,90.000,-0.236038,-0.7510,-0.003129,pre
1782157091,14,TILT,-5.000,90.000,-0.205209,-0.5749,-0.002395,pre
1782157091,14,TILT,-5.000,90.000,-0.172083,-0.5097,-0.002124,pre
1782157091,14,TILT,-5.000,90.000,-0.123845,-0.3885,-0.001619,pre
1782157091,14,TILT,-5.000,90.000,-0.093098,-0.2901,-0.001209,pre
1782157091,14,TILT,-5.000,90.000,-0.059855,-0.3849,-0.001604,pre
1782157091,14,TILT,-5.000,90.000,-0.027213,-0.3134,-0.001306,pre
1782157091,14,TILT,-5.000,85.000,0.000173,-0.2217,-0.000924,step
1782157091,14,TILT,-5.000,85.000,0.032787,4.2040,0.017517,step
1782157091,14,TILT,-5.000,85.000,0.065053,39.0990,0.162912,step
1782157091,14,TILT,-5.000,85.000,0.097167,82.8593,0.345247,step
1782157091,14,TILT,-5.000,85.000,0.129148,97.1779,0.404908,step
1782157091,14,TILT,-5.000,85.000,0.162460,91.5303,0.381376,step
1782157091,14,TILT,-5.000,85.000,0.193530,84.8847,0.353686,step
1782157091,14,TILT,-5.000,85.000,0.224483,85.3631,0.355680,step
1782157091,14,TILT,-5.000,85.000,0.273179,86.9980,0.362492,step
1782157091,14,TILT,-5.000,85.000,0.304540,85.9793,0.358247,step
1782157091,14,TILT,-5.000,85.000,0.336571,86.4054,0.360023,step
1782157091,14,TILT,-5.000,85.000,0.369129,86.4612,0.360255,step
1782157091,14,TILT,-5.000,85.000,0.401085,87.1456,0.363107,step
1782157091,14,TILT,-5.000,85.000,0.433104,87.9147,0.366311,step
1782157091,14,TILT,-5.000,85.000,0.465526,87.2070,0.363363,step
1782157091,14,TILT,-5.000,85.000,0.496593,87.6522,0.365217,step
1782157091,14,TILT,-5.000,85.000,0.529525,87.9238,0.366349,step
1782157091,14,TILT,-5.000,85.000,0.561075,88.1899,0.367458,step
1782157091,14,TILT,-5.000,85.000,0.593385,88.0737,0.366974,step
1782157091,14,TILT,-5.000,85.000,0.625532,87.7460,0.365608,step
1782157091,14,TILT,-5.000,85.000,0.673200,87.7286,0.365536,step
1782157091,14,TILT,-5.000,85.000,0.705170,87.9592,0.366497,step
1782157091,14,TILT,-5.000,85.000,0.736146,87.9274,0.366364,step
1782157091,14,TILT,-5.000,85.000,0.768696,87.9128,0.366303,step
1782157091,14,TILT,-5.000,85.000,0.800695,88.0409,0.366837,step
1782157091,14,TILT,-5.000,85.000,0.831709,88.0027,0.366678,step
1782157091,14,TILT,-5.000,85.000,0.865345,88.1267,0.367195,step
1782157091,14,TILT,-5.000,85.000,0.898053,88.0965,0.367069,step
1782157091,14,TILT,-5.000,85.000,0.929350,88.1438,0.367266,step
1782157091,14,TILT,-5.000,85.000,0.961060,88.2496,0.367707,step
1782157091,14,TILT,-5.000,85.000,0.993079,89.0647,0.371103,step
1782157091,14,TILT,-5.000,85.000,1.025231,90.0635,0.375265,step
1782157091,14,TILT,-5.000,85.000,1.072974,89.6684,0.373618,step
1782157091,14,TILT,-5.000,85.000,1.104845,89.4987,0.372911,step
1782157091,14,TILT,-5.000,85.000,1.138600,89.6432,0.373513,step
1782157091,14,TILT,-5.000,85.000,1.170061,89.4166,0.372569,step
1782157091,15,TILT,5.000,85.000,-0.299998,89.4383,0.372659,pre
1782157091,15,TILT,5.000,85.000,-0.269186,89.3760,0.372400,pre
1782157091,15,TILT,5.000,85.000,-0.220686,89.5117,0.372966,pre
1782157091,15,TILT,5.000,85.000,-0.188640,89.4290,0.372621,pre
1782157091,15,TILT,5.000,85.000,-0.156617,89.3413,0.372255,pre
1782157091,15,TILT,5.000,85.000,-0.124146,89.8546,0.374394,pre
1782157091,15,TILT,5.000,85.000,-0.093144,89.6511,0.373546,pre
1782157091,15,TILT,5.000,85.000,-0.060309,89.5158,0.372982,pre
1782157091,15,TILT,5.000,85.000,-0.028323,89.3790,0.372412,pre
1782157091,15,TILT,5.000,90.000,0.000267,88.8450,0.370187,step
1782157091,15,TILT,5.000,90.000,0.031932,85.5437,0.356432,step
1782157091,15,TILT,5.000,90.000,0.063492,57.4481,0.239367,step
1782157091,15,TILT,5.000,90.000,0.095504,13.8438,0.057683,step
1782157091,15,TILT,5.000,90.000,0.127498,-12.8505,-0.053544,step
1782157091,15,TILT,5.000,90.000,0.176007,-10.3420,-0.043092,step
1782157091,15,TILT,5.000,90.000,0.207319,3.6638,0.015266,step
1782157091,15,TILT,5.000,90.000,0.239213,4.7641,0.019850,step
1782157091,15,TILT,5.000,90.000,0.271640,-1.6136,-0.006723,step
1782157091,15,TILT,5.000,90.000,0.303404,-0.9463,-0.003943,step
1782157091,15,TILT,5.000,90.000,0.335690,0.8211,0.003421,step
1782157091,15,TILT,5.000,90.000,0.367452,-0.8268,-0.003445,step
1782157091,15,TILT,5.000,90.000,0.400117,-0.3554,-0.001481,step
1782157091,15,TILT,5.000,90.000,0.431171,0.0603,0.000251,step
1782157091,15,TILT,5.000,90.000,0.464517,-0.7455,-0.003106,step
1782157091,15,TILT,5.000,90.000,0.495500,-0.4210,-0.001754,step
1782157091,15,TILT,5.000,90.000,0.527505,-0.1848,-0.000770,step
1782157091,15,TILT,5.000,90.000,0.575097,-0.7420,-0.003092,step
1782157091,15,TILT,5.000,90.000,0.607037,-0.5805,-0.002419,step
1782157091,15,TILT,5.000,90.000,0.639150,-0.5095,-0.002123,step
1782157091,15,TILT,5.000,90.000,0.671601,-0.7092,-0.002955,step
1782157091,15,TILT,5.000,90.000,0.702574,-0.7003,-0.002918,step
1782157091,15,TILT,5.000,90.000,0.734633,-0.7060,-0.002942,step
1782157091,15,TILT,5.000,90.000,0.767313,-0.8565,-0.003569,step
1782157091,15,TILT,5.000,90.000,0.799325,-0.7380,-0.003075,step
1782157091,15,TILT,5.000,90.000,0.831388,-0.6724,-0.002802,step
1782157091,15,TILT,5.000,90.000,0.863759,-0.8025,-0.003344,step
1782157091,15,TILT,5.000,90.000,0.896042,-0.8184,-0.003410,step
1782157091,15,TILT,5.000,90.000,0.927746,-0.8650,-0.003604,step
1782157091,15,TILT,5.000,90.000,0.975701,-0.7724,-0.003218,step
1782157091,15,TILT,5.000,90.000,1.007241,-0.6003,-0.002501,step
1782157091,15,TILT,5.000,90.000,1.039857,-0.8814,-0.003673,step
1782157091,15,TILT,5.000,90.000,1.071373,-0.9082,-0.003784,step
1782157091,15,TILT,5.000,90.000,1.103429,-1.0180,-0.004242,step
1782157091,15,TILT,5.000,90.000,1.135334,-1.3433,-0.005597,step
1782157091,15,TILT,5.000,90.000,1.167878,-1.0785,-0.004494,step
1782157091,15,TILT,5.000,90.000,1.198508,-1.1613,-0.004839,step
1782157091,16,TILT,-5.000,90.000,-0.299999,-1.0004,-0.004168,pre
1782157091,16,TILT,-5.000,90.000,-0.268551,-0.9704,-0.004043,pre
1782157091,16,TILT,-5.000,90.000,-0.235832,-0.9288,-0.003870,pre
1782157091,16,TILT,-5.000,90.000,-0.203424,-0.9480,-0.003950,pre
1782157091,16,TILT,-5.000,90.000,-0.172836,-0.9113,-0.003797,pre
1782157091,16,TILT,-5.000,90.000,-0.139751,-0.9281,-0.003867,pre
1782157091,16,TILT,-5.000,90.000,-0.107711,-0.8942,-0.003726,pre
1782157091,16,TILT,-5.000,90.000,-0.076227,-0.7123,-0.002968,pre
1782157091,16,TILT,-5.000,90.000,-0.044280,-0.7667,-0.003194,pre
1782157091,16,TILT,-5.000,90.000,-0.011142,-0.7900,-0.003291,pre
1782157091,16,TILT,-5.000,85.000,0.000281,-0.7686,-0.003202,step
1782157091,16,TILT,-5.000,85.000,0.032410,-0.3335,-0.001390,step
1782157091,16,TILT,-5.000,85.000,0.064396,24.6648,0.102770,step
1782157091,16,TILT,-5.000,85.000,0.095910,66.3747,0.276561,step
1782157091,16,TILT,-5.000,85.000,0.128804,94.8093,0.395039,step
1782157091,16,TILT,-5.000,85.000,0.160869,98.8724,0.411968,step
1782157091,16,TILT,-5.000,85.000,0.194428,87.0316,0.362632,step
1782157091,16,TILT,-5.000,85.000,0.225124,80.2773,0.334489,step
1782157091,16,TILT,-5.000,85.000,0.257049,82.4985,0.343744,step
1782157091,16,TILT,-5.000,85.000,0.288640,84.5398,0.352249,step
1782157091,16,TILT,-5.000,85.000,0.320404,83.3917,0.347466,step
1782157091,16,TILT,-5.000,85.000,0.351702,83.5407,0.348086,step
1782157091,16,TILT,-5.000,85.000,0.400356,83.5234,0.348014,step
1782157091,16,TILT,-5.000,85.000,0.432569,82.9916,0.345798,step
1782157091,16,TILT,-5.000,85.000,0.464579,83.2214,0.346756,step
1782157091,16,TILT,-5.000,85.000,0.496497,83.1578,0.346491,step
1782157091,16,TILT,-5.000,85.000,0.528071,83.0385,0.345994,step
1782157091,16,TILT,-5.000,85.000,0.560078,84.0496,0.350206,step
1782157091,16,TILT,-5.000,85.000,0.591681,84.3073,0.351281,step
1782157091,16,TILT,-5.000,85.000,0.624637,84.0545,0.350227,step
1782157091,16,TILT,-5.000,85.000,0.655638,84.3460,0.351442,step
1782157091,16,TILT,-5.000,85.000,0.689282,84.0937,0.350390,step
1782157091,16,TILT,-5.000,85.000,0.721386,84.1326,0.350552,step
1782157091,16,TILT,-5.000,85.000,0.752360,84.1355,0.350565,step
1782157091,16,TILT,-5.000,85.000,0.800805,85.4364,0.355985,step
1782157091,16,TILT,-5.000,85.000,0.831815,86.4205,0.360085,step
1782157091,16,TILT,-5.000,85.000,0.863812,85.6529,0.356887,step
1782157091,16,TILT,-5.000,85.000,0.896315,85.7818,0.357424,step
1782157091,16,TILT,-5.000,85.000,0.928316,85.9439,0.358099,step
1782157091,16,TILT,-5.000,85.000,0.961325,85.8776,0.357823,step
1782157091,16,TILT,-5.000,85.000,0.991845,85.9138,0.357974,step
1782157091,16,TILT,-5.000,85.000,1.024891,85.9649,0.358187,step
1782157091,16,TILT,-5.000,85.000,1.056930,85.9041,0.357934,step
1782157091,16,TILT,-5.000,85.000,1.088419,85.9516,0.358131,step
1782157091,16,TILT,-5.000,85.000,1.121410,85.9488,0.358120,step
1782157091,16,TILT,-5.000,85.000,1.152303,85.8814,0.357839,step
1782157091,16,TILT,-5.000,85.000,1.199869,86.0742,0.358642,step
1782157091,17,TILT,5.000,85.000,-0.299999,86.0895,0.358706,pre
1782157091,17,TILT,5.000,85.000,-0.268078,86.0068,0.358362,pre
1782157091,17,TILT,5.000,85.000,-0.236560,85.9157,0.357982,pre
1782157091,17,TILT,5.000,85.000,-0.204562,85.7363,0.357235,pre
1782157091,17,TILT,5.000,85.000,-0.171576,85.7861,0.357442,pre
1782157091,17,TILT,5.000,85.000,-0.124026,85.6394,0.356831,pre
1782157091,17,TILT,5.000,85.000,-0.092086,85.6869,0.357029,pre
1782157091,17,TILT,5.000,85.000,-0.060189,85.7418,0.357258,pre
1782157091,17,TILT,5.000,85.000,-0.027709,85.7296,0.357207,pre
1782157091,17,TILT,5.000,90.000,0.000320,85.8015,0.357506,step
1782157091,17,TILT,5.000,90.000,0.032495,82.8006,0.345002,step
1782157091,17,TILT,5.000,90.000,0.064016,52.9727,0.220720,step
1782157091,17,TILT,5.000,90.000,0.096526,11.5343,0.048059,step
1782157091,17,TILT,5.000,90.000,0.128711,-12.1750,-0.050729,step
1782157091,17,TILT,5.000,90.000,0.160224,-8.2601,-0.034417,step
1782157091,17,TILT,5.000,90.000,0.192231,4.6769,0.019487,step
1782157091,17,TILT,5.000,90.000,0.224223,4.8896,0.020374,step
1782157091,17,TILT,5.000,90.000,0.271732,-0.9893,-0.004122,step
1782157091,17,TILT,5.000,90.000,0.303734,0.1699,0.000708,step
1782157091,17,TILT,5.000,90.000,0.335757,1.5091,0.006288,step
1782157091,17,TILT,5.000,90.000,0.368134,0.1831,0.000763,step
1782157091,17,TILT,5.000,90.000,0.399126,0.7615,0.003173,step
1782157091,17,TILT,5.000,90.000,0.431159,0.9166,0.003819,step
1782157091,17,TILT,5.000,90.000,0.464692,0.4828,0.002012,step
1782157091,17,TILT,5.000,90.000,0.495752,0.8161,0.003400,step
1782157091,17,TILT,5.000,90.000,0.527657,0.9615,0.004006,step
1782157091,17,TILT,5.000,90.000,0.558752,0.7784,0.003243,step
1782157091,17,TILT,5.000,90.000,0.591356,0.9917,0.004132,step
1782157091,17,TILT,5.000,90.000,0.624092,1.0067,0.004195,step
1782157091,17,TILT,5.000,90.000,0.671618,1.1492,0.004788,step
1782157091,17,TILT,5.000,90.000,0.704569,1.2067,0.005028,step
1782157091,17,TILT,5.000,90.000,0.736558,0.8310,0.003462,step
1782157091,17,TILT,5.000,90.000,0.767945,1.3342,0.005559,step
1782157091,17,TILT,5.000,90.000,0.800294,1.5393,0.006414,step
1782157091,17,TILT,5.000,90.000,0.832192,1.3860,0.005775,step
1782157091,17,TILT,5.000,90.000,0.864403,1.2665,0.005277,step
1782157091,17,TILT,5.000,90.000,0.896402,1.1825,0.004927,step
1782157091,17,TILT,5.000,90.000,0.928481,0.8830,0.003679,step
1782157091,17,TILT,5.000,90.000,0.960039,0.9957,0.004149,step
1782157091,17,TILT,5.000,90.000,0.992029,1.1017,0.004591,step
1782157091,17,TILT,5.000,90.000,1.024027,1.2232,0.005097,step
1782157091,17,TILT,5.000,90.000,1.071649,1.1821,0.004926,step
1782157091,17,TILT,5.000,90.000,1.103724,1.1247,0.004686,step
1782157091,17,TILT,5.000,90.000,1.136661,1.1954,0.004981,step
1782157091,17,TILT,5.000,90.000,1.167837,1.2634,0.005264,step
1782157091,18,TILT,-5.000,90.000,-0.299998,0.9990,0.004162,pre
1782157091,18,TILT,-5.000,90.000,-0.268088,0.8704,0.003626,pre
1782157091,18,TILT,-5.000,90.000,-0.221294,0.8172,0.003405,pre
1782157091,18,TILT,-5.000,90.000,-0.188302,0.8522,0.003551,pre
1782157091,18,TILT,-5.000,90.000,-0.156269,0.7295,0.003040,pre
1782157091,18,TILT,-5.000,90.000,-0.124594,0.7842,0.003268,pre
1782157091,18,TILT,-5.000,90.000,-0.092556,0.8671,0.003613,pre
1782157091,18,TILT,-5.000,90.000,-0.060473,0.8202,0.003417,pre
1782157091,18,TILT,-5.000,90.000,-0.028407,0.8528,0.003553,pre
1782157091,18,TILT,-5.000,85.000,0.000266,0.8313,0.003464,step
1782157091,18,TILT,-5.000,85.000,0.032005,5.1576,0.021490,step
1782157091,18,TILT,-5.000,85.000,0.063652,40.2764,0.167818,step
1782157091,18,TILT,-5.000,85.000,0.095646,83.7476,0.348948,step
1782157091,18,TILT,-5.000,85.000,0.127542,97.0622,0.404426,step
1782157091,18,TILT,-5.000,85.000,0.175406,89.4547,0.372728,step
1782157091,18,TILT,-5.000,85.000,0.207329,82.4295,0.343456,step
1782157091,18,TILT,-5.000,85.000,0.239364,83.2364,0.346818,step
1782157091,18,TILT,-5.000,85.000,0.272032,86.0348,0.358478,step
1782157091,18,TILT,-5.000,85.000,0.304024,84.8222,0.353426,step
1782157091,18,TILT,-5.000,85.000,0.336026,85.0307,0.354295,step
1782157091,18,TILT,-5.000,85.000,0.367674,85.2398,0.355166,step
1782157091,18,TILT,-5.000,85.000,0.399678,85.3416,0.355590,step
1782157091,18,TILT,-5.000,85.000,0.431658,86.0705,0.358627,step
1782157091,18,TILT,-5.000,85.000,0.463376,85.9322,0.358051,step
1782157091,18,TILT,-5.000,85.000,0.496715,85.9512,0.358130,step
1782157091,18,TILT,-5.000,85.000,0.527981,86.0599,0.358583,step
1782157091,18,TILT,-5.000,85.000,0.575713,86.1112,0.358797,step
1782157091,18,TILT,-5.000,85.000,0.607770,85.8191,0.357580,step
1782157091,18,TILT,-5.000,85.000,0.639716,85.8913,0.357881,step
1782157091,18,TILT,-5.000,85.000,0.671414,86.1237,0.358849,step
1782157091,18,TILT,-5.000,85.000,0.703524,86.0378,0.358491,step
1782157091,18,TILT,-5.000,85.000,0.735573,85.9482,0.358118,step
1782157091,18,TILT,-5.000,85.000,0.768132,85.8909,0.357879,step
1782157091,18,TILT,-5.000,85.000,0.800205,85.9858,0.358274,step
1782157091,18,TILT,-5.000,85.000,0.831153,86.1553,0.358980,step
1782157091,18,TILT,-5.000,85.000,0.863783,87.6166,0.365069,step
1782157091,18,TILT,-5.000,85.000,0.895845,87.5829,0.364929,step
1782157091,18,TILT,-5.000,85.000,0.928789,87.5297,0.364707,step
1782157091,18,TILT,-5.000,85.000,0.975515,88.1192,0.367164,step
1782157091,18,TILT,-5.000,85.000,1.006464,88.0339,0.366808,step
1782157091,18,TILT,-5.000,85.000,1.040085,87.9289,0.366370,step
1782157091,18,TILT,-5.000,85.000,1.071691,87.9173,0.366322,step
1782157091,18,TILT,-5.000,85.000,1.103756,87.9340,0.366392,step
1782157091,18,TILT,-5.000,85.000,1.135761,87.9151,0.366313,step
1782157091,18,TILT,-5.000,85.000,1.167675,87.7176,0.365490,step
1782157091,19,TILT,5.000,85.000,-0.299999,87.9640,0.366517,pre
1782157091,19,TILT,5.000,85.000,-0.267069,88.2848,0.367853,pre
1782157091,19,TILT,5.000,85.000,-0.236207,88.2839,0.367849,pre
1782157091,19,TILT,5.000,85.000,-0.204188,88.3219,0.368008,pre
1782157091,19,TILT,5.000,85.000,-0.172452,88.3081,0.367950,pre
1782157091,19,TILT,5.000,85.000,-0.139347,88.2986,0.367911,pre
1782157091,19,TILT,5.000,85.000,-0.107418,88.3069,0.367945,pre
1782157091,19,TILT,5.000,85.000,-0.075354,88.5423,0.368926,pre
1782157091,19,TILT,5.000,85.000,-0.043784,88.5757,0.369066,pre
1782157091,19,TILT,5.000,85.000,-0.011785,88.5799,0.369083,pre
1782157091,19,TILT,5.000,90.000,0.000314,88.6154,0.369231,step
1782157091,19,TILT,5.000,90.000,0.047686,86.9758,0.362399,step
1782157091,19,TILT,5.000,90.000,0.079787,57.7837,0.240766,step
1782157091,19,TILT,5.000,90.000,0.111820,19.0735,0.079473,step
1782157091,19,TILT,5.000,90.000,0.144454,-7.3459,-0.030608,step
1782157091,19,TILT,5.000,90.000,0.176451,-7.0471,-0.029363,step
1782157091,19,TILT,5.000,90.000,0.208456,5.6273,0.023447,step
1782157091,19,TILT,5.000,90.000,0.240087,7.4385,0.030994,step
1782157091,19,TILT,5.000,90.000,0.272141,1.8125,0.007552,step
1782157091,19,TILT,5.000,90.000,0.304153,2.7628,0.011512,step
1782157091,19,TILT,5.000,90.000,0.336618,4.0908,0.017045,step
1782157091,19,TILT,5.000,90.000,0.368487,2.2415,0.009340,step
1782157091,19,TILT,5.000,90.000,0.399468,2.8961,0.012067,step
1782157091,19,TILT,5.000,90.000,0.448168,3.8621,0.016092,step
1782157091,19,TILT,5.000,90.000,0.481065,2.8656,0.011940,step
1782157091,19,TILT,5.000,90.000,0.513110,2.9764,0.012402,step
1782157091,19,TILT,5.000,90.000,0.543774,2.8687,0.011953,step
1782157091,19,TILT,5.000,90.000,0.576925,2.6679,0.011116,step
1782157091,19,TILT,5.000,90.000,0.607924,2.8224,0.011760,step
1782157091,19,TILT,5.000,90.000,0.639610,2.7399,0.011416,step
1782157091,19,TILT,5.000,90.000,0.671606,2.6011,0.010838,step
1782157091,19,TILT,5.000,90.000,0.704620,2.6322,0.010967,step
1782157091,19,TILT,5.000,90.000,0.736195,2.9126,0.012136,step
1782157091,19,TILT,5.000,90.000,0.767491,2.9035,0.012098,step
1782157091,19,TILT,5.000,90.000,0.799874,2.6788,0.011162,step
1782157091,19,TILT,5.000,90.000,0.848315,2.7432,0.011430,step
1782157091,19,TILT,5.000,90.000,0.880132,2.7651,0.011521,step
1782157091,19,TILT,5.000,90.000,0.912129,2.7486,0.011453,step
1782157091,19,TILT,5.000,90.000,0.943797,2.6064,0.010860,step
1782157091,19,TILT,5.000,90.000,0.975949,2.7440,0.011433,step
1782157091,19,TILT,5.000,90.000,1.008945,2.6752,0.011147,step
1782157091,19,TILT,5.000,90.000,1.039670,2.4490,0.010204,step
1782157091,19,TILT,5.000,90.000,1.071670,2.6367,0.010986,step
1782157091,19,TILT,5.000,90.000,1.104671,2.5404,0.010585,step
1782157091,19,TILT,5.000,90.000,1.136222,2.4999,0.010416,step
1782157091,19,TILT,5.000,90.000,1.168449,2.5273,0.010530,step
